{"cameraMode":{"drawMode":0,"name":"Shaded","section":"Shading Mode"},"sceneLighting":true,"audioPlay":false,"sceneViewState":{"m_AlwaysRefresh":false,"showFog":true,"showSkybox":true,"showFlares":true,"showImageEffects":true,"showParticleSystems":true,"showVisualEffectGraphs":true,"m_FxEnabled":true},"in2DMode":false,"pivot":{"x":0.8664267063140869,"y":-2.510239601135254,"z":4.098889350891113},"rotation":{"x":-0.31621673703193667,"y":0.05091457813978195,"z":-0.016985854133963586,"w":-0.9472013115882874},"size":6.069244384765625,"orthographic":false}